name,url,img_src
元流之子(坦克),https://pvp.qq.com/web201605/herodetail/yuanliuzhizi_tank.shtml,https://game.gtimg.cn/images/yxzj/img201606/heroimg/581/581.jpg
元流之子(法师),https://pvp.qq.com/web201605/herodetail/yuanliuzhizi_magic.shtml,https://game.gtimg.cn/images/yxzj/img201606/heroimg/582/582.jpg
大司命,https://pvp.qq.com/web201605/herodetail/dasiming.shtml,https://game.gtimg.cn/images/yxzj/img201606/heroimg/517/517.jpg
敖隐,https://pvp.qq.com/web201605/herodetail/aoyin.shtml,https://game.gtimg.cn/images/yxzj/img201606/heroimg/519/519.jpg
海诺,https://pvp.qq.com/web201605/herodetail/hainuo.shtml,https://game.gtimg.cn/images/yxzj/img201606/heroimg/563/563.jpg
朵莉亚,https://pvp.qq.com/web201605/herodetail/duoliya.shtml,https://game.gtimg.cn/images/yxzj/img201606/heroimg/159/159.jpg
亚连,https://pvp.qq.com/web201605/herodetail/yalian.shtml,https://game.gtimg.cn/images/yxzj/img201606/heroimg/514/514.jpg
姬小满,https://pvp.qq.com/web201605/herodetail/jixiaoman.shtml,https://game.gtimg.cn/images/yxzj/img201606/heroimg/564/564.jpg
莱西奥,https://pvp.qq.com/web201605/herodetail/laixiao.shtml,https://game.gtimg.cn/images/yxzj/img201606/heroimg/545/545.jpg
赵怀真,https://pvp.qq.com/web201605/herodetail/zhaohuaizhen.shtml,https://game.gtimg.cn/images/yxzj/img201606/heroimg/544/544.jpg
海月,https://pvp.qq.com/web201605/herodetail/haiyue.shtml,https://game.gtimg.cn/images/yxzj/img201606/heroimg/521/521.jpg
戈娅,https://pvp.qq.com/web201605/herodetail/geya.shtml,https://game.gtimg.cn/images/yxzj/img201606/heroimg/548/548.jpg
桑启,https://pvp.qq.com/web201605/herodetail/sangqi.shtml,https://game.gtimg.cn/images/yxzj/img201606/heroimg/534/534.jpg
暃,https://pvp.qq.com/web201605/herodetail/fei.shtml,https://game.gtimg.cn/images/yxzj/img201606/heroimg/542/542.jpg
金蝉,https://pvp.qq.com/web201605/herodetail/jinchan.shtml,https://game.gtimg.cn/images/yxzj/img201606/heroimg/540/540.jpg
云缨,https://pvp.qq.com/web201605/herodetail/yunying.shtml,https://game.gtimg.cn/images/yxzj/img201606/heroimg/538/538.jpg
艾琳,https://pvp.qq.com/web201605/herodetail/ailin.shtml,https://game.gtimg.cn/images/yxzj/img201606/heroimg/155/155.jpg
司空震,https://pvp.qq.com/web201605/herodetail/sikongzhen.shtml,https://game.gtimg.cn/images/yxzj/img201606/heroimg/537/537.jpg
澜,https://pvp.qq.com/web201605/herodetail/lan.shtml,https://game.gtimg.cn/images/yxzj/img201606/heroimg/528/528.jpg
夏洛特,https://pvp.qq.com/web201605/herodetail/xialuote.shtml,https://game.gtimg.cn/images/yxzj/img201606/heroimg/536/536.jpg
阿古朵,https://pvp.qq.com/web201605/herodetail/aguduo.shtml,https://game.gtimg.cn/images/yxzj/img201606/heroimg/533/533.jpg
蒙恬,https://pvp.qq.com/web201605/herodetail/mengtian.shtml,https://game.gtimg.cn/images/yxzj/img201606/heroimg/527/527.jpg
镜,https://pvp.qq.com/web201605/herodetail/jing.shtml,https://game.gtimg.cn/images/yxzj/img201606/heroimg/531/531.jpg
蒙犽,https://pvp.qq.com/web201605/herodetail/mengya.shtml,https://game.gtimg.cn/images/yxzj/img201606/heroimg/524/524.jpg
鲁班大师,https://pvp.qq.com/web201605/herodetail/lubandashi.shtml,https://game.gtimg.cn/images/yxzj/img201606/heroimg/525/525.jpg
西施,https://pvp.qq.com/web201605/herodetail/xishi.shtml,https://game.gtimg.cn/images/yxzj/img201606/heroimg/523/523.jpg
马超,https://pvp.qq.com/web201605/herodetail/machao.shtml,https://game.gtimg.cn/images/yxzj/img201606/heroimg/518/518.jpg
曜,https://pvp.qq.com/web201605/herodetail/dongfangyao.shtml,https://game.gtimg.cn/images/yxzj/img201606/heroimg/522/522.jpg
云中君,https://pvp.qq.com/web201605/herodetail/yunzhongjun.shtml,https://game.gtimg.cn/images/yxzj/img201606/heroimg/506/506.jpg
瑶,https://pvp.qq.com/web201605/herodetail/yao.shtml,https://game.gtimg.cn/images/yxzj/img201606/heroimg/505/505.jpg
盘古,https://pvp.qq.com/web201605/herodetail/pangu.shtml,https://game.gtimg.cn/images/yxzj/img201606/heroimg/529/529.jpg
猪八戒,https://pvp.qq.com/web201605/herodetail/zhubajie.shtml,https://game.gtimg.cn/images/yxzj/img201606/heroimg/511/511.jpg
嫦娥,https://pvp.qq.com/web201605/herodetail/change.shtml,https://game.gtimg.cn/images/yxzj/img201606/heroimg/515/515.jpg
上官婉儿,https://pvp.qq.com/web201605/herodetail/shangguanwaner.shtml,https://game.gtimg.cn/images/yxzj/img201606/heroimg/513/513.jpg
李信,https://pvp.qq.com/web201605/herodetail/lixin.shtml,https://game.gtimg.cn/images/yxzj/img201606/heroimg/507/507.jpg
沈梦溪,https://pvp.qq.com/web201605/herodetail/shenmengxi.shtml,https://game.gtimg.cn/images/yxzj/img201606/heroimg/312/312.jpg
伽罗,https://pvp.qq.com/web201605/herodetail/jialuo.shtml,https://game.gtimg.cn/images/yxzj/img201606/heroimg/508/508.jpg
盾山,https://pvp.qq.com/web201605/herodetail/dunshan.shtml,https://game.gtimg.cn/images/yxzj/img201606/heroimg/509/509.jpg
司马懿,https://pvp.qq.com/web201605/herodetail/simayi.shtml,https://game.gtimg.cn/images/yxzj/img201606/heroimg/137/137.jpg
孙策,https://pvp.qq.com/web201605/herodetail/sunce.shtml,https://game.gtimg.cn/images/yxzj/img201606/heroimg/510/510.jpg
元歌,https://pvp.qq.com/web201605/herodetail/yuange.shtml,https://game.gtimg.cn/images/yxzj/img201606/heroimg/125/125.jpg
米莱狄,https://pvp.qq.com/web201605/herodetail/milaidi.shtml,https://game.gtimg.cn/images/yxzj/img201606/heroimg/504/504.jpg
狂铁,https://pvp.qq.com/web201605/herodetail/kuangtie.shtml,https://game.gtimg.cn/images/yxzj/img201606/heroimg/503/503.jpg
弈星,https://pvp.qq.com/web201605/herodetail/yixing.shtml,https://game.gtimg.cn/images/yxzj/img201606/heroimg/197/197.jpg
裴擒虎,https://pvp.qq.com/web201605/herodetail/peiqinhu.shtml,https://game.gtimg.cn/images/yxzj/img201606/heroimg/502/502.jpg
杨玉环,https://pvp.qq.com/web201605/herodetail/yangyuhuan.shtml,https://game.gtimg.cn/images/yxzj/img201606/heroimg/176/176.jpg
公孙离,https://pvp.qq.com/web201605/herodetail/gongsunli.shtml,https://game.gtimg.cn/images/yxzj/img201606/heroimg/199/199.jpg
明世隐,https://pvp.qq.com/web201605/herodetail/mingshiyin.shtml,https://game.gtimg.cn/images/yxzj/img201606/heroimg/501/501.jpg
女娲,https://pvp.qq.com/web201605/herodetail/nvwa.shtml,https://game.gtimg.cn/images/yxzj/img201606/heroimg/179/179.jpg
梦奇,https://pvp.qq.com/web201605/herodetail/mengqi.shtml,https://game.gtimg.cn/images/yxzj/img201606/heroimg/198/198.jpg
苏烈,https://pvp.qq.com/web201605/herodetail/sulie.shtml,https://game.gtimg.cn/images/yxzj/img201606/heroimg/194/194.jpg
百里玄策,https://pvp.qq.com/web201605/herodetail/bailixuance.shtml,https://game.gtimg.cn/images/yxzj/img201606/heroimg/195/195.jpg
百里守约,https://pvp.qq.com/web201605/herodetail/bailishouyue.shtml,https://game.gtimg.cn/images/yxzj/img201606/heroimg/196/196.jpg
铠,https://pvp.qq.com/web201605/herodetail/kai.shtml,https://game.gtimg.cn/images/yxzj/img201606/heroimg/193/193.jpg
鬼谷子,https://pvp.qq.com/web201605/herodetail/guiguzi.shtml,https://game.gtimg.cn/images/yxzj/img201606/heroimg/189/189.jpg
干将莫邪,https://pvp.qq.com/web201605/herodetail/ganjiangmoye.shtml,https://game.gtimg.cn/images/yxzj/img201606/heroimg/182/182.jpg
东皇太一,https://pvp.qq.com/web201605/herodetail/donghuangtaiyi.shtml,https://game.gtimg.cn/images/yxzj/img201606/heroimg/187/187.jpg
大乔,https://pvp.qq.com/web201605/herodetail/daqiao.shtml,https://game.gtimg.cn/images/yxzj/img201606/heroimg/191/191.jpg
黄忠,https://pvp.qq.com/web201605/herodetail/huangzhong.shtml,https://game.gtimg.cn/images/yxzj/img201606/heroimg/192/192.jpg
诸葛亮,https://pvp.qq.com/web201605/herodetail/zhugeliang.shtml,https://game.gtimg.cn/images/yxzj/img201606/heroimg/190/190.jpg
哪吒,https://pvp.qq.com/web201605/herodetail/nezha.shtml,https://game.gtimg.cn/images/yxzj/img201606/heroimg/180/180.jpg
太乙真人,https://pvp.qq.com/web201605/herodetail/taiyizhenren.shtml,https://game.gtimg.cn/images/yxzj/img201606/heroimg/186/186.jpg
蔡文姬,https://pvp.qq.com/web201605/herodetail/caiwenji.shtml,https://game.gtimg.cn/images/yxzj/img201606/heroimg/184/184.jpg
雅典娜,https://pvp.qq.com/web201605/herodetail/yadianna.shtml,https://game.gtimg.cn/images/yxzj/img201606/heroimg/183/183.jpg
杨戬,https://pvp.qq.com/web201605/herodetail/yangjian.shtml,https://game.gtimg.cn/images/yxzj/img201606/heroimg/178/178.jpg
成吉思汗,https://pvp.qq.com/web201605/herodetail/chengjisihan.shtml,https://game.gtimg.cn/images/yxzj/img201606/heroimg/177/177.jpg
钟馗,https://pvp.qq.com/web201605/herodetail/zhongkui.shtml,https://game.gtimg.cn/images/yxzj/img201606/heroimg/175/175.jpg
虞姬,https://pvp.qq.com/web201605/herodetail/yuji.shtml,https://game.gtimg.cn/images/yxzj/img201606/heroimg/174/174.jpg
李元芳,https://pvp.qq.com/web201605/herodetail/liyuanfang.shtml,https://game.gtimg.cn/images/yxzj/img201606/heroimg/173/173.jpg
张飞,https://pvp.qq.com/web201605/herodetail/zhangfei.shtml,https://game.gtimg.cn/images/yxzj/img201606/heroimg/171/171.jpg
刘备,https://pvp.qq.com/web201605/herodetail/liubei.shtml,https://game.gtimg.cn/images/yxzj/img201606/heroimg/170/170.jpg
后羿,https://pvp.qq.com/web201605/herodetail/houyi.shtml,https://game.gtimg.cn/images/yxzj/img201606/heroimg/169/169.jpg
牛魔,https://pvp.qq.com/web201605/herodetail/niumo.shtml,https://game.gtimg.cn/images/yxzj/img201606/heroimg/168/168.jpg
孙悟空,https://pvp.qq.com/web201605/herodetail/sunwukong.shtml,https://game.gtimg.cn/images/yxzj/img201606/heroimg/167/167.jpg
亚瑟,https://pvp.qq.com/web201605/herodetail/yase.shtml,https://game.gtimg.cn/images/yxzj/img201606/heroimg/166/166.jpg
橘右京,https://pvp.qq.com/web201605/herodetail/jvyoujing.shtml,https://game.gtimg.cn/images/yxzj/img201606/heroimg/163/163.jpg
娜可露露,https://pvp.qq.com/web201605/herodetail/nakelulu.shtml,https://game.gtimg.cn/images/yxzj/img201606/heroimg/162/162.jpg
不知火舞,https://pvp.qq.com/web201605/herodetail/buzhihuowu.shtml,https://game.gtimg.cn/images/yxzj/img201606/heroimg/157/157.jpg
张良,https://pvp.qq.com/web201605/herodetail/zhangliang.shtml,https://game.gtimg.cn/images/yxzj/img201606/heroimg/156/156.jpg
花木兰,https://pvp.qq.com/web201605/herodetail/huamulan.shtml,https://game.gtimg.cn/images/yxzj/img201606/heroimg/154/154.jpg
兰陵王,https://pvp.qq.com/web201605/herodetail/lanlingwang.shtml,https://game.gtimg.cn/images/yxzj/img201606/heroimg/153/153.jpg
王昭君,https://pvp.qq.com/web201605/herodetail/wangzhaojun.shtml,https://game.gtimg.cn/images/yxzj/img201606/heroimg/152/152.jpg
韩信,https://pvp.qq.com/web201605/herodetail/hanxin.shtml,https://game.gtimg.cn/images/yxzj/img201606/heroimg/150/150.jpg
刘邦,https://pvp.qq.com/web201605/herodetail/liubang.shtml,https://game.gtimg.cn/images/yxzj/img201606/heroimg/149/149.jpg
姜子牙,https://pvp.qq.com/web201605/herodetail/jiangziya.shtml,https://game.gtimg.cn/images/yxzj/img201606/heroimg/148/148.jpg
露娜,https://pvp.qq.com/web201605/herodetail/luna.shtml,https://game.gtimg.cn/images/yxzj/img201606/heroimg/146/146.jpg
程咬金,https://pvp.qq.com/web201605/herodetail/chengyaojin.shtml,https://game.gtimg.cn/images/yxzj/img201606/heroimg/144/144.jpg
安琪拉,https://pvp.qq.com/web201605/herodetail/anqila.shtml,https://game.gtimg.cn/images/yxzj/img201606/heroimg/142/142.jpg
貂蝉,https://pvp.qq.com/web201605/herodetail/diaochan.shtml,https://game.gtimg.cn/images/yxzj/img201606/heroimg/141/141.jpg
关羽,https://pvp.qq.com/web201605/herodetail/guanyu.shtml,https://game.gtimg.cn/images/yxzj/img201606/heroimg/140/140.jpg
老夫子,https://pvp.qq.com/web201605/herodetail/laofuzi.shtml,https://game.gtimg.cn/images/yxzj/img201606/heroimg/139/139.jpg
武则天,https://pvp.qq.com/web201605/herodetail/wuzetian.shtml,https://game.gtimg.cn/images/yxzj/img201606/heroimg/136/136.jpg
项羽,https://pvp.qq.com/web201605/herodetail/xiangyu.shtml,https://game.gtimg.cn/images/yxzj/img201606/heroimg/135/135.jpg
达摩,https://pvp.qq.com/web201605/herodetail/damo.shtml,https://game.gtimg.cn/images/yxzj/img201606/heroimg/134/134.jpg
狄仁杰,https://pvp.qq.com/web201605/herodetail/direnjie.shtml,https://game.gtimg.cn/images/yxzj/img201606/heroimg/133/133.jpg
马可波罗,https://pvp.qq.com/web201605/herodetail/makeboluo.shtml,https://game.gtimg.cn/images/yxzj/img201606/heroimg/132/132.jpg
李白,https://pvp.qq.com/web201605/herodetail/libai.shtml,https://game.gtimg.cn/images/yxzj/img201606/heroimg/131/131.jpg
宫本武藏,https://pvp.qq.com/web201605/herodetail/gongbenwuzang.shtml,https://game.gtimg.cn/images/yxzj/img201606/heroimg/130/130.jpg
典韦,https://pvp.qq.com/web201605/herodetail/dianwei.shtml,https://game.gtimg.cn/images/yxzj/img201606/heroimg/129/129.jpg
曹操,https://pvp.qq.com/web201605/herodetail/caocao.shtml,https://game.gtimg.cn/images/yxzj/img201606/heroimg/128/128.jpg
甄姬,https://pvp.qq.com/web201605/herodetail/zhenji.shtml,https://game.gtimg.cn/images/yxzj/img201606/heroimg/127/127.jpg
夏侯惇,https://pvp.qq.com/web201605/herodetail/xiahoudun.shtml,https://game.gtimg.cn/images/yxzj/img201606/heroimg/126/126.jpg
周瑜,https://pvp.qq.com/web201605/herodetail/zhouyv.shtml,https://game.gtimg.cn/images/yxzj/img201606/heroimg/124/124.jpg
吕布,https://pvp.qq.com/web201605/herodetail/lvbu.shtml,https://game.gtimg.cn/images/yxzj/img201606/heroimg/123/123.jpg
芈月,https://pvp.qq.com/web201605/herodetail/miyue.shtml,https://game.gtimg.cn/images/yxzj/img201606/heroimg/121/121.jpg
白起,https://pvp.qq.com/web201605/herodetail/baiqi.shtml,https://game.gtimg.cn/images/yxzj/img201606/heroimg/120/120.jpg
扁鹊,https://pvp.qq.com/web201605/herodetail/bianque.shtml,https://game.gtimg.cn/images/yxzj/img201606/heroimg/119/119.jpg
孙膑,https://pvp.qq.com/web201605/herodetail/sunbin.shtml,https://game.gtimg.cn/images/yxzj/img201606/heroimg/118/118.jpg
钟无艳,https://pvp.qq.com/web201605/herodetail/zhongwuyan.shtml,https://game.gtimg.cn/images/yxzj/img201606/heroimg/117/117.jpg
阿轲,https://pvp.qq.com/web201605/herodetail/ake.shtml,https://game.gtimg.cn/images/yxzj/img201606/heroimg/116/116.jpg
高渐离,https://pvp.qq.com/web201605/herodetail/gaojianli.shtml,https://game.gtimg.cn/images/yxzj/img201606/heroimg/115/115.jpg
刘禅,https://pvp.qq.com/web201605/herodetail/liushan.shtml,https://game.gtimg.cn/images/yxzj/img201606/heroimg/114/114.jpg
庄周,https://pvp.qq.com/web201605/herodetail/zhuangzhou.shtml,https://game.gtimg.cn/images/yxzj/img201606/heroimg/113/113.jpg
鲁班七号,https://pvp.qq.com/web201605/herodetail/lubanqihao.shtml,https://game.gtimg.cn/images/yxzj/img201606/heroimg/112/112.jpg
孙尚香,https://pvp.qq.com/web201605/herodetail/sunshangxiang.shtml,https://game.gtimg.cn/images/yxzj/img201606/heroimg/111/111.jpg
嬴政,https://pvp.qq.com/web201605/herodetail/yingzheng.shtml,https://game.gtimg.cn/images/yxzj/img201606/heroimg/110/110.jpg
妲己,https://pvp.qq.com/web201605/herodetail/daji.shtml,https://game.gtimg.cn/images/yxzj/img201606/heroimg/109/109.jpg
墨子,https://pvp.qq.com/web201605/herodetail/mozi.shtml,https://game.gtimg.cn/images/yxzj/img201606/heroimg/108/108.jpg
赵云,https://pvp.qq.com/web201605/herodetail/zhaoyun.shtml,https://game.gtimg.cn/images/yxzj/img201606/heroimg/107/107.jpg
小乔,https://pvp.qq.com/web201605/herodetail/xiaoqiao.shtml,https://game.gtimg.cn/images/yxzj/img201606/heroimg/106/106.jpg
廉颇,https://pvp.qq.com/web201605/herodetail/lianpo.shtml,https://game.gtimg.cn/images/yxzj/img201606/heroimg/105/105.jpg
